{"0": {"layer_name": "input", "size": 0.57421875, "transmission_time": 0.684612518628912}, "1": {"layer_name": "conv_1", "size": 12.25, "edge_time": 2.395812511444092, "transmission_time": 14.605067064083457}, "2": {"layer_name": "conv_2", "size": 12.25, "edge_time": 0.01369929313659668, "transmission_time": 14.605067064083457}, "3": {"layer_name": "maxpool_1", "size": 3.0625, "edge_time": 0.0007293224334716797, "transmission_time": 3.651266766020864}, "4": {"layer_name": "conv_3", "size": 6.125, "edge_time": 0.0010519027709960938, "transmission_time": 7.302533532041728}, "5": {"layer_name": "conv_4", "size": 6.125, "edge_time": 0.0008249282836914062, "transmission_time": 7.302533532041728}, "6": {"layer_name": "maxpool_2", "size": 1.53125, "edge_time": 0.00038552284240722656, "transmission_time": 1.825633383010432}, "7": {"layer_name": "conv_5", "size": 3.0625, "edge_time": 0.0007305145263671875, "transmission_time": 3.651266766020864}, "8": {"layer_name": "conv_6", "size": 3.0625, "edge_time": 0.0006756782531738281, "transmission_time": 3.651266766020864}, "9": {"layer_name": "conv_7", "size": 3.0625, "edge_time": 0.0007386207580566406, "transmission_time": 3.651266766020864}, "10": {"layer_name": "maxpool_3", "size": 0.765625, "edge_time": 0.0003566741943359375, "transmission_time": 0.912816691505216}, "11": {"layer_name": "conv_8", "size": 1.53125, "edge_time": 0.0007340908050537109, "transmission_time": 1.825633383010432}, "12": {"layer_name": "conv_9", "size": 1.53125, "edge_time": 0.026808977127075195, "transmission_time": 1.825633383010432}, "13": {"layer_name": "conv_10", "size": 1.53125, "edge_time": 0.0008323192596435547, "transmission_time": 1.825633383010432}, "14": {"layer_name": "maxpool_4", "size": 0.3828125, "edge_time": 0.00036644935607910156, "transmission_time": 0.456408345752608}, "15": {"layer_name": "conv_11", "size": 0.3828125, "edge_time": 0.0006315708160400391, "transmission_time": 0.456408345752608}, "16": {"layer_name": "conv_12", "size": 0.3828125, "edge_time": 0.0005900859832763672, "transmission_time": 0.456408345752608}, "17": {"layer_name": "conv_13", "size": 0.3828125, "edge_time": 0.0006587505340576172, "transmission_time": 0.456408345752608}, "18": {"layer_name": "maxpool_5", "size": 0.095703125, "edge_time": 0.0004220008850097656, "transmission_time": 0.114102086438152}, "19": {"layer_name": "avg_pool", "size": 0.095703125, "edge_time": 0.0004935264587402344, "transmission_time": 0.114102086438152}, "20": {"layer_name": "flatten", "size": 0.095703125, "edge_time": 0.028493404388427734, "transmission_time": 0.114102086438152}, "21": {"layer_name": "linear_1", "size": 0.015625, "edge_time": 1.823413610458374, "transmission_time": 0.018628912071535022}, "22": {"layer_name": "linear_2", "size": 0.015625, "edge_time": 0.0013439655303955078, "transmission_time": 0.018628912071535022}, "23": {"layer_name": "linear_3", "size": 0.003814697265625, "edge_time": 0.0004925727844238281, "transmission_time": 0.004548074236214605}}