{"0": {"layer_name": "input", "size": 0.57421875, "transmission_time": 0.004548074236214605}, "1": {"layer_name": "conv_1", "size": 12.25, "edge_time": 17.821802139282227, "transmission_time": 14.605067064083457}, "2": {"layer_name": "conv_2", "size": 12.25, "edge_time": 0.10133790969848633, "transmission_time": 14.605067064083457}, "3": {"layer_name": "maxpool_1", "size": 3.0625, "edge_time": 0.09047579765319824, "transmission_time": 3.651266766020864}, "4": {"layer_name": "conv_3", "size": 6.125, "edge_time": 0.0033092498779296875, "transmission_time": 7.302533532041728}, "5": {"layer_name": "conv_4", "size": 6.125, "edge_time": 0.0014846324920654297, "transmission_time": 7.302533532041728}, "6": {"layer_name": "maxpool_2", "size": 1.53125, "edge_time": 0.0009238719940185547, "transmission_time": 1.825633383010432}, "7": {"layer_name": "conv_5", "size": 3.0625, "edge_time": 0.0017621517181396484, "transmission_time": 3.651266766020864}, "8": {"layer_name": "conv_6", "size": 3.0625, "edge_time": 0.0012593269348144531, "transmission_time": 3.651266766020864}, "9": {"layer_name": "conv_7", "size": 3.0625, "edge_time": 0.0010116100311279297, "transmission_time": 3.651266766020864}, "10": {"layer_name": "maxpool_3", "size": 0.765625, "edge_time": 0.0004410743713378906, "transmission_time": 0.912816691505216}, "11": {"layer_name": "conv_8", "size": 1.53125, "edge_time": 0.0006783008575439453, "transmission_time": 1.825633383010432}, "12": {"layer_name": "conv_9", "size": 1.53125, "edge_time": 0.1940312385559082, "transmission_time": 1.825633383010432}, "13": {"layer_name": "conv_10", "size": 1.53125, "edge_time": 0.0009722709655761719, "transmission_time": 1.825633383010432}, "14": {"layer_name": "maxpool_4", "size": 0.3828125, "edge_time": 0.0005564689636230469, "transmission_time": 0.456408345752608}, "15": {"layer_name": "conv_11", "size": 0.3828125, "edge_time": 0.013190031051635742, "transmission_time": 0.456408345752608}, "16": {"layer_name": "conv_12", "size": 0.3828125, "edge_time": 0.0008668899536132812, "transmission_time": 0.456408345752608}, "17": {"layer_name": "conv_13", "size": 0.3828125, "edge_time": 0.0007898807525634766, "transmission_time": 0.456408345752608}, "18": {"layer_name": "maxpool_5", "size": 0.095703125, "edge_time": 0.00047469139099121094, "transmission_time": 0.114102086438152}, "19": {"layer_name": "avg_pool", "size": 0.095703125, "edge_time": 0.04457235336303711, "transmission_time": 0.114102086438152}, "20": {"layer_name": "flatten", "size": 0.095703125, "edge_time": 0.1270134449005127, "transmission_time": 0.114102086438152}, "21": {"layer_name": "linear_1", "size": 0.015625, "edge_time": 5.241521120071411, "transmission_time": 0.018628912071535022}, "22": {"layer_name": "linear_2", "size": 0.015625, "edge_time": 0.2574124336242676, "transmission_time": 0.018628912071535022}, "23": {"layer_name": "linear_3", "size": 0.003814697265625, "edge_time": 0.0020258426666259766, "transmission_time": 0.004548074236214605}}