{"0": {"layer_name": "input", "size": 0.57421875, "transmission_time": 0.684612518628912}, "1": {"layer_name": "conv_1", "size": 12.25, "edge_time": 13.681291580200195, "transmission_time": 14.605067064083457}, "2": {"layer_name": "conv_2", "size": 12.25, "edge_time": 0.5761284828186035, "transmission_time": 14.605067064083457}, "3": {"layer_name": "maxpool_1", "size": 3.0625, "edge_time": 0.17009782791137695, "transmission_time": 3.651266766020864}, "4": {"layer_name": "conv_3", "size": 6.125, "edge_time": 0.0019423961639404297, "transmission_time": 7.302533532041728}, "5": {"layer_name": "conv_4", "size": 6.125, "edge_time": 0.0007011890411376953, "transmission_time": 7.302533532041728}, "6": {"layer_name": "maxpool_2", "size": 1.53125, "edge_time": 0.00034165382385253906, "transmission_time": 1.825633383010432}, "7": {"layer_name": "conv_5", "size": 3.0625, "edge_time": 0.000606536865234375, "transmission_time": 3.651266766020864}, "8": {"layer_name": "conv_6", "size": 3.0625, "edge_time": 0.0005981922149658203, "transmission_time": 3.651266766020864}, "9": {"layer_name": "conv_7", "size": 3.0625, "edge_time": 0.0005750656127929688, "transmission_time": 3.651266766020864}, "10": {"layer_name": "maxpool_3", "size": 0.765625, "edge_time": 0.00029468536376953125, "transmission_time": 0.912816691505216}, "11": {"layer_name": "conv_8", "size": 1.53125, "edge_time": 0.0006144046783447266, "transmission_time": 1.825633383010432}, "12": {"layer_name": "conv_9", "size": 1.53125, "edge_time": 0.02784419059753418, "transmission_time": 1.825633383010432}, "13": {"layer_name": "conv_10", "size": 1.53125, "edge_time": 0.0009629726409912109, "transmission_time": 1.825633383010432}, "14": {"layer_name": "maxpool_4", "size": 0.3828125, "edge_time": 0.0004048347473144531, "transmission_time": 0.456408345752608}, "15": {"layer_name": "conv_11", "size": 0.3828125, "edge_time": 0.01958155632019043, "transmission_time": 0.456408345752608}, "16": {"layer_name": "conv_12", "size": 0.3828125, "edge_time": 0.0009593963623046875, "transmission_time": 0.456408345752608}, "17": {"layer_name": "conv_13", "size": 0.3828125, "edge_time": 0.0008723735809326172, "transmission_time": 0.456408345752608}, "18": {"layer_name": "maxpool_5", "size": 0.095703125, "edge_time": 0.0004904270172119141, "transmission_time": 0.114102086438152}, "19": {"layer_name": "avg_pool", "size": 0.095703125, "edge_time": 0.3174169063568115, "transmission_time": 0.114102086438152}, "20": {"layer_name": "flatten", "size": 0.095703125, "edge_time": 0.31214284896850586, "transmission_time": 0.114102086438152}, "21": {"layer_name": "linear_1", "size": 0.015625, "edge_time": 6.038536548614502, "transmission_time": 0.018628912071535022}, "22": {"layer_name": "linear_2", "size": 0.015625, "edge_time": 0.09407877922058105, "transmission_time": 0.018628912071535022}, "23": {"layer_name": "linear_3", "size": 0.003814697265625, "edge_time": 0.0019927024841308594, "transmission_time": 0.004548074236214605}}